trade_id,asset,setup,entry_date,entry_price,stop_loss,take_profit,exit_date,exit_price,exit_reason,return_pct,holding_period,is_winner
1,AAPL,mean_reversion,2025-04-04,187.7517,173.2047142857143,216.84567142857142,2025-04-08,173.2047142857143,stop_loss,-0.07747991477193394,2,False
2,AAPL,mean_reversion,2025-04-07,180.8547,164.04057142857144,214.48295714285715,2025-04-22,199.0738,time_exit,0.1007388804382745,10,True
3,AAPL,mean_reversion,2025-04-08,171.8449,152.98141428571427,209.57187142857143,2025-04-14,209.57187142857143,take_profit,0.21954082680703024,4,True
4,ABBV,mean_reversion,2024-11-15,159.3563,139.31772857142857,199.43344285714286,2024-12-02,175.5633,time_exit,0.10170291353401151,10,True
5,ABBV,mean_reversion,2025-04-08,171.2955,152.8543857142857,208.1777285714286,2025-04-23,174.2426,time_exit,0.01720477187083147,10,True
6,ABBV,mean_reversion,2025-04-10,169.8621,149.0507857142857,211.48472857142858,2025-04-25,183.1097,time_exit,0.07799032273826834,10,True
7,ABBV,mean_reversion,2025-04-11,170.691,149.6796857142857,212.7136285714286,2025-04-28,189.2901,time_exit,0.10896356574160326,10,True
8,ADBE,mean_reversion,2024-12-18,441.31,406.50847142857145,510.9130571428571,2025-01-03,430.57,time_exit,-0.024336634112075428,10,False
9,ADBE,mean_reversion,2024-12-19,437.39,401.47132857142856,509.22734285714284,2025-01-06,431.18,time_exit,-0.014197855460801545,10,False
10,ADBE,mean_reversion,2025-03-13,377.84,349.77385714285714,433.97228571428565,2025-03-27,396.15,time_exit,0.04845966546686431,10,True
11,ADBE,mean_reversion,2025-04-07,340.7,316.0587428571429,389.9825142857143,2025-04-22,349.91,time_exit,0.027032579982389393,10,True
12,ADI,mean_reversion,2024-08-05,195.648,175.08834285714286,236.7673142857143,2024-08-19,220.4161,time_exit,0.12659521180896305,10,True
13,ADI,mean_reversion,2025-04-03,178.7153,165.39277142857145,205.36035714285717,2025-04-04,165.39277142857145,stop_loss,-0.07454609969839499,1,False
14,ADI,mean_reversion,2025-04-04,162.6301,148.24227142857143,191.40575714285717,2025-04-09,191.40575714285717,take_profit,0.17693930670187852,3,True
15,ADI,mean_reversion,2025-04-07,169.2894,151.81585714285714,204.23648571428572,2025-04-22,176.3637,time_exit,0.04178820410492334,10,True
16,ADI,mean_reversion,2025-04-08,164.1023,145.05207142857142,202.20275714285717,2025-04-23,180.9186,time_exit,0.1024744930448871,10,True
17,AMAT,mean_reversion,2024-07-25,199.4352,178.46095714285715,241.38368571428572,2024-08-05,178.46095714285715,stop_loss,-0.10516820930880233,7,False
18,AMAT,mean_reversion,2024-07-30,193.9348,172.05352857142856,237.69734285714287,2024-08-05,172.05352857142856,stop_loss,-0.1128279784163102,4,False
19,AMAT,mean_reversion,2024-08-01,193.501,170.13837142857142,240.22625714285715,2024-08-15,208.8096,time_exit,0.0791138030294416,10,True
20,AMAT,mean_reversion,2024-08-02,179.2176,155.14205714285714,227.36868571428573,2024-08-16,204.9356,time_exit,0.14350153109962416,10,True
21,AMAT,mean_reversion,2024-08-05,179.2965,153.79524285714288,230.2990142857143,2024-08-19,207.9323,time_exit,0.15971198545426146,10,True
22,AMAT,mean_reversion,2024-08-06,180.6962,157.10368571428572,227.88122857142855,2024-08-20,203.2204,time_exit,0.12465231698286972,10,True
23,AMAT,mean_reversion,2024-08-07,175.9647,151.74575714285714,224.4025857142857,2024-08-21,206.1382,time_exit,0.17147473328457363,10,True
24,AMAT,mean_reversion,2025-03-03,150.9447,137.2817142857143,178.27067142857146,2025-03-17,154.2488,time_exit,0.021889473429673068,10,True
25,AMAT,mean_reversion,2025-04-04,125.9609,115.5474857142857,146.78772857142857,2025-04-09,146.78772857142857,take_profit,0.1653435992552339,3,True
26,AMAT,mean_reversion,2025-04-08,127.9552,114.23572857142858,155.39414285714287,2025-04-23,142.4613,time_exit,0.11336858525483917,10,True
27,AMAT,mean_reversion,2025-08-15,160.95463467,146.94289181285714,188.97812038428572,2025-08-29,160.4249164,time_exit,-0.0032911029314940388,10,False
28,AMD,mean_reversion,2024-04-19,146.64,131.98492857142855,175.95014285714285,2024-05-03,150.6,time_exit,0.027004909983633363,10,True
29,AMD,mean_reversion,2024-07-25,138.32,122.35999999999999,170.24,2024-08-05,122.35999999999999,stop_loss,-0.11538461538461542,7,False
30,AMD,mean_reversion,2024-07-26,139.99,124.60571428571428,170.75857142857146,2024-08-05,124.60571428571428,stop_loss,-0.10989560478809712,6,False
31,AMD,mean_reversion,2024-07-29,139.75,124.34785714285714,170.55428571428573,2024-08-05,124.34785714285714,stop_loss,-0.11021211346792747,5,False
32,AMD,mean_reversion,2024-07-30,138.44,123.39928571428571,168.52142857142857,2024-08-05,123.39928571428571,stop_loss,-0.1086442811738969,4,False
33,AMD,mean_reversion,2024-08-01,132.54,115.34885714285714,166.9222857142857,2024-08-15,147.36,time_exit,0.1118153010411953,10,True
34,AMD,mean_reversion,2024-08-02,132.5,115.47885714285715,166.5422857142857,2024-08-16,148.56,time_exit,0.1212075471698113,10,True
35,AMD,mean_reversion,2024-08-05,134.82,116.08242857142858,172.29514285714282,2024-08-19,155.28,time_exit,0.1517578994214508,10,True
36,AMD,mean_reversion,2024-08-06,130.18,112.99100000000001,164.558,2024-08-20,156.4,time_exit,0.20141342756183733,10,True
37,AMD,mean_reversion,2024-08-07,128.67,111.81528571428572,162.37942857142855,2024-08-21,157.81,time_exit,0.22647081681821724,10,True
38,AMD,mean_reversion,2025-04-04,85.76,75.83214285714286,105.61571428571429,2025-04-21,85.56,time_exit,-0.0023320895522388474,10,False
39,AMD,mean_reversion,2025-04-07,83.64,72.33642857142857,106.24714285714286,2025-04-22,86.26,time_exit,0.031324725011956156,10,True
40,AMD,mean_reversion,2025-04-08,78.21,65.97642857142857,102.67714285714285,2025-04-23,90.39,time_exit,0.15573456079785197,10,True
41,AMD,mean_reversion,2025-11-20,206.02,173.2206285714286,271.6187428571429,2025-12-05,217.97,time_exit,0.0580040772740511,10,True
42,AMD,mean_reversion,2025-11-21,203.78,170.00777142857143,271.3244571428571,2025-12-08,221.11,time_exit,0.08504269310040247,10,True
43,AMD,mean_reversion,2025-11-25,206.13,171.64062857142858,275.10874285714283,2025-12-10,221.42,time_exit,0.07417649056420705,10,True
44,AMZN,mean_reversion,2024-08-05,161.02,145.36888571428574,192.32222857142858,2024-08-19,178.22,time_exit,0.10681902869208781,10,True
45,AMZN,mean_reversion,2025-04-04,171.0,155.34615714285715,202.3076857142857,2025-04-21,167.32,time_exit,-0.021520467836257384,10,False
46,APD,mean_reversion,2024-02-05,208.2879,178.90731428571428,267.04907142857144,2024-02-20,217.9084,time_exit,0.04618847278214422,10,True
47,APD,mean_reversion,2024-02-06,208.3166,178.89515714285713,267.1594857142857,2024-02-21,217.918,time_exit,0.04609042198269364,10,True
48,APD,mean_reversion,2024-02-07,205.7658,176.43418571428572,264.4290285714286,2024-02-22,221.1662,time_exit,0.07484431329210195,10,True
49,APD,mean_reversion,2024-02-08,210.0936,180.416,269.4488,2024-02-23,222.3986,time_exit,0.058569132995959894,10,True
50,APD,mean_reversion,2024-02-09,210.0267,180.91455714285715,268.2509857142857,2024-02-26,219.1217,time_exit,0.04330401801294781,10,True
51,APD,mean_reversion,2025-04-08,245.4259,225.82145714285718,284.63478571428567,2025-04-23,261.3493,time_exit,0.06488068292710758,10,True
52,AVGO,mean_reversion,2024-08-07,134.2697,114.16367142857143,174.48175714285713,2024-08-21,163.3466,time_exit,0.21655593182974253,10,True
53,AVGO,mean_reversion,2024-09-06,134.9841,119.50222857142859,165.94784285714286,2024-09-12,165.94784285714286,take_profit,0.22938807501878244,4,True
54,AVGO,mean_reversion,2025-01-27,200.3008,177.0807,246.741,2025-02-10,232.913,time_exit,0.16281612454867878,10,True
55,AVGO,mean_reversion,2025-03-03,185.6744,165.63309999999998,225.757,2025-03-17,192.7399,time_exit,0.03805317265061858,10,True
56,AVGO,mean_reversion,2025-03-04,185.7834,164.94868571428572,227.45282857142857,2025-03-18,186.9626,time_exit,0.006347176335453009,10,True
57,AVGO,mean_reversion,2025-03-06,177.826,155.87264285714284,221.73271428571428,2025-03-20,189.4003,time_exit,0.06508778243901348,10,True
58,AVGO,mean_reversion,2025-03-10,182.7808,158.58747142857143,231.16745714285713,2025-03-24,190.1061,time_exit,0.04007696650851722,10,True
59,AVGO,mean_reversion,2025-04-03,153.0888,137.43592857142858,184.39454285714285,2025-04-09,184.39454285714285,take_profit,0.20449401169218695,4,True
60,AVGO,mean_reversion,2025-04-04,145.415,129.09088571428572,178.06322857142857,2025-04-09,178.06322857142857,take_profit,0.22451761215437593,3,True
61,AVGO,mean_reversion,2025-04-07,153.2181,134.5597,190.5349,2025-04-22,168.5657,time_exit,0.10016832214992877,10,True
62,AVGO,mean_reversion,2025-04-08,155.0968,135.6784,193.9336,2025-04-23,175.8519,time_exit,0.13382029803322837,10,True
63,AXP,mean_reversion,2025-03-11,253.206,234.33551428571425,290.94697142857143,2025-03-25,276.8917,time_exit,0.09354320197783639,10,True
64,BAC,mean_reversion,2025-04-04,33.8255,30.75545714285714,39.965585714285716,2025-04-21,36.3139,time_exit,0.07356580094898812,10,True
65,BAC,mean_reversion,2025-04-07,34.9959,31.63732857142857,41.71304285714286,2025-04-22,37.691,time_exit,0.07701187853434277,10,True
66,BAC,mean_reversion,2025-04-08,34.455,30.915999999999997,41.533,2025-04-23,38.1139,time_exit,0.10619358583659855,10,True
67,BKNG,mean_reversion,2024-08-02,3290.6029,3045.8420857142855,3780.1245285714285,2024-08-16,3578.0548,time_exit,0.08735539010191729,10,True
68,BKNG,mean_reversion,2024-08-07,3268.3468,2995.8734857142854,3813.2934285714286,2024-08-21,3695.8514,time_exit,0.13080148043041206,10,True
69,BLK,mean_reversion,2025-04-04,810.4949,750.1360428571429,931.2126142857144,2025-04-21,841.4123,time_exit,0.0381463226974037,10,True
70,BLK,mean_reversion,2025-04-07,805.4503,737.6929714285714,940.9649571428572,2025-04-22,874.1427,time_exit,0.08528446758291608,10,True
71,BMY,mean_reversion,2025-04-10,49.1317,42.88775714285715,61.61958571428572,2025-04-25,46.6391,time_exit,-0.05073302979542749,10,False
72,CAT,mean_reversion,2025-04-04,284.7992,263.9134571428571,326.5706857142857,2025-04-21,282.8912,time_exit,-0.006699457020946542,10,False
73,CAT,mean_reversion,2025-04-07,276.8705,253.07058571428573,324.4703285714285,2025-04-22,289.2794,time_exit,0.04481842594281438,10,True
74,CAT,mean_reversion,2025-04-08,270.8202,244.96594285714286,322.5287142857143,2025-04-23,293.8495,time_exit,0.08503538510052056,10,True
75,CI,mean_reversion,2024-12-12,277.2852,255.4097857142857,321.0360285714285,2024-12-27,273.1204,time_exit,-0.015019914514009303,10,False
76,CI,mean_reversion,2024-12-16,267.7797,246.32672857142856,310.68564285714285,2024-12-31,270.602,time_exit,0.010539633885615629,10,True
77,CI,mean_reversion,2024-12-17,260.2635,239.04324285714287,302.7040142857143,2025-01-02,268.985,time_exit,0.0335102694000502,10,True
78,CI,mean_reversion,2025-10-30,245.7177,223.79954285714285,289.55401428571435,2025-11-13,269.3746,time_exit,0.09627674359641158,10,True
79,CI,mean_reversion,2025-10-31,243.0428,220.8924714285714,287.3434571428572,2025-11-14,268.1515,time_exit,0.10330978741192909,10,True
80,CI,mean_reversion,2025-11-03,257.1733,233.38975714285712,304.7403857142857,2025-11-17,269.8122,time_exit,0.049145459501433564,10,True
81,COST,mean_reversion,2025-03-13,886.9958,828.9681571428572,1003.0510857142858,2025-03-27,934.9299,time_exit,0.054040954872615954,10,True
82,CRM,mean_reversion,2024-05-30,215.6442,195.3441142857143,256.2443714285714,2024-06-13,226.5446,time_exit,0.05054807873339495,10,True
83,CRM,mean_reversion,2024-05-31,231.8959,209.95014285714288,275.7874142857143,2024-06-14,229.423,time_exit,-0.010663836661191528,10,False
84,CRM,mean_reversion,2024-06-03,234.0522,211.1568,279.84299999999996,2024-06-17,227.9788,time_exit,-0.025948912251198664,10,False
85,CRM,mean_reversion,2024-06-04,232.3113,208.839,279.2559,2024-06-18,229.2944,time_exit,-0.012986453952089305,10,False
86,CRM,mean_reversion,2025-04-04,239.186,223.23224285714286,271.0935142857143,2025-04-21,235.0981,time_exit,-0.01709088324567498,10,False
87,CVX,mean_reversion,2025-04-07,135.3934,120.6880142857143,164.80417142857144,2025-04-22,132.6401,time_exit,-0.0203355554997513,10,False
88,CVX,mean_reversion,2025-04-08,132.2827,117.51557142857143,161.81695714285715,2025-04-23,132.0411,time_exit,-0.001826391508489067,10,False
89,CVX,mean_reversion,2025-04-10,130.3988,113.7984857142857,163.59942857142858,2025-04-25,134.0216,time_exit,0.027782464255806216,10,True
90,CVX,mean_reversion,2025-04-11,131.0268,114.5048142857143,164.07077142857145,2025-04-28,135.3451,time_exit,0.032957379711631374,10,True
91,CVX,mean_reversion,2025-04-14,130.7273,114.3328142857143,163.51627142857143,2025-04-29,134.5722,time_exit,0.029411607215937163,10,True
92,CVX,mean_reversion,2025-04-15,129.9738,113.97205714285715,161.9772857142857,2025-04-30,131.4422,time_exit,0.011297661528708147,10,True
93,DHR,mean_reversion,2025-04-08,174.058,159.2740857142857,203.62582857142857,2025-04-23,203.62582857142857,take_profit,0.16987342478615508,10,True
94,DIS,mean_reversion,2025-04-04,82.6187,77.14772857142857,93.56064285714285,2025-04-21,83.0835,time_exit,0.00562584499635066,10,True
95,DIS,mean_reversion,2025-04-07,82.3912,76.19437142857143,94.78485714285713,2025-04-22,85.1507,time_exit,0.033492654555340895,10,True
96,DIS,mean_reversion,2025-04-08,80.8284,74.14498571428571,94.19522857142857,2025-04-23,86.3376,time_exit,0.06815921136630188,10,True
97,EOG,mean_reversion,2025-04-07,106.1549,95.02018571428572,128.42432857142856,2025-04-22,109.3609,time_exit,0.030201149452356857,10,True
98,EOG,mean_reversion,2025-04-08,102.1923,90.71718571428572,125.14252857142858,2025-04-23,109.6065,time_exit,0.07255145446379019,10,True
99,EOG,mean_reversion,2025-04-10,101.8515,88.2599,129.03470000000002,2025-04-25,111.0801,time_exit,0.09060838573805974,10,True
100,ETN,mean_reversion,2025-04-04,244.2838,220.6639142857143,291.5235714285714,2025-04-21,257.1163,time_exit,0.05253111340170746,10,True
101,FDX,mean_reversion,2024-09-20,247.5151,219.6957,303.1539,2024-10-04,253.5416,time_exit,0.024348009474977506,10,True
102,FDX,mean_reversion,2025-04-04,206.3981,185.1237,248.94689999999997,2025-04-21,201.4867,time_exit,-0.023795761685790673,10,False
103,FDX,mean_reversion,2025-04-07,201.5947,178.90322857142857,246.97764285714283,2025-04-22,202.911,time_exit,0.006529437529855686,10,True
104,FDX,mean_reversion,2025-04-08,194.5615,170.71988571428574,242.24472857142854,2025-04-23,207.3018,time_exit,0.06548212261932607,10,True
105,GS,mean_reversion,2025-03-10,523.6234,473.1589428571428,624.5523142857143,2025-03-24,571.3312,time_exit,0.0911109014608591,10,True
106,GS,mean_reversion,2025-03-11,523.3969,472.33537142857136,625.5199571428572,2025-03-25,577.0829,time_exit,0.10257225444017726,10,True
107,GS,mean_reversion,2025-03-13,516.8769,469.1020714285714,612.4265571428572,2025-03-27,550.4713,time_exit,0.06499497269078969,10,True
108,GS,mean_reversion,2025-04-04,463.6932,418.0555285714285,554.9685428571429,2025-04-21,493.7814,time_exit,0.06488816312165024,10,True
109,GS,mean_reversion,2025-04-07,458.4733,407.14192857142854,561.1360428571429,2025-04-22,512.1298,time_exit,0.11703298752620928,10,True
110,GS,mean_reversion,2025-04-08,455.233,401.11121428571425,563.4765714285716,2025-04-23,521.3089,time_exit,0.14514742999738584,10,True
111,INTC,mean_reversion,2024-04-12,35.3141,32.519442857142856,40.90341428571429,2024-04-26,32.519442857142856,stop_loss,-0.07913714756590562,10,False
112,INTC,mean_reversion,2024-04-19,33.8398,31.48335714285714,38.55268571428571,2024-04-26,31.48335714285714,stop_loss,-0.06963524775982288,5,False
113,INTC,mean_reversion,2024-04-26,31.5442,29.047,36.5386,2024-05-10,29.6548,time_exit,-0.059896906562854624,10,False
114,INTC,mean_reversion,2024-04-29,31.0297,28.591785714285713,35.90552857142857,2024-05-13,30.3105,time_exit,-0.023177794177835942,10,False
115,INTC,mean_reversion,2024-04-30,30.1491,27.774914285714285,34.89747142857143,2024-05-14,30.847,time_exit,0.023148286350173075,10,True
116,INTC,mean_reversion,2024-05-01,30.0501,27.654028571428572,34.84224285714286,2024-05-15,31.0655,time_exit,0.033790236970925314,10,True
117,INTC,mean_reversion,2024-05-02,30.1886,27.936628571428574,34.692542857142854,2024-05-16,31.8205,time_exit,0.05405682939917722,10,True
118,INTC,mean_reversion,2024-08-02,21.3395,17.88417142857143,28.25015714285714,2024-08-16,20.87,time_exit,-0.022001452705077473,10,False
119,INTC,mean_reversion,2024-08-05,19.9785,16.318728571428572,27.298042857142857,2024-08-19,21.52,time_exit,0.07715794479064986,10,True
120,INTC,mean_reversion,2024-08-06,19.7003,16.349757142857143,26.401385714285713,2024-08-20,20.99,time_exit,0.06546600813185588,10,True
121,INTC,mean_reversion,2024-08-07,18.99,15.748785714285713,25.47242857142857,2024-08-21,21.41,time_exit,0.12743549236440233,10,True
122,INTC,mean_reversion,2024-08-08,20.49,17.2605,26.948999999999998,2024-08-22,20.1,time_exit,-0.019033674963396585,10,False
123,INTC,mean_reversion,2024-08-09,19.71,16.43192857142857,26.266142857142857,2024-08-23,20.54,time_exit,0.0421106037544392,10,True
124,INTC,mean_reversion,2024-08-12,19.36,16.0005,26.079,2024-08-26,20.13,time_exit,0.03977272727272729,10,True
125,INTC,mean_reversion,2024-08-13,20.47,17.11335714285714,27.183285714285713,2024-08-27,20.07,time_exit,-0.01954079140205167,10,False
126,INTC,mean_reversion,2024-08-14,19.92,16.60907142857143,26.541857142857147,2024-08-28,19.61,time_exit,-0.015562248995984018,10,False
127,INTC,mean_reversion,2024-08-15,20.69,17.310985714285717,27.448028571428573,2024-08-29,20.13,time_exit,-0.027066215563074092,10,False
128,INTC,mean_reversion,2024-08-16,20.87,17.518857142857144,27.572285714285716,2024-08-30,22.04,time_exit,0.05606133205558206,10,True
129,INTC,mean_reversion,2024-08-19,21.52,18.151714285714284,28.256571428571426,2024-09-03,20.1,time_exit,-0.06598513011152407,10,False
130,INTC,mean_reversion,2024-08-20,20.99,17.655571428571427,27.65885714285714,2024-09-04,19.43,time_exit,-0.07432110528823244,10,False
131,INTC,mean_reversion,2024-12-05,20.8,18.765,24.87,2024-12-19,19.06,time_exit,-0.0836538461538463,10,False
132,INTC,mean_reversion,2024-12-06,20.92,18.94357142857143,24.872857142857146,2024-12-20,18.94357142857143,stop_loss,-0.09447555312756073,10,False
133,INTC,mean_reversion,2024-12-09,20.81,18.909285714285712,24.611428571428572,2024-12-20,18.909285714285712,stop_loss,-0.09133658268689504,9,False
134,INTC,mean_reversion,2024-12-10,20.16,18.237142857142857,24.005714285714287,2024-12-24,20.4,time_exit,0.011904761904761862,10,True
135,INTC,mean_reversion,2024-12-11,20.12,18.237142857142857,23.885714285714286,2024-12-26,20.44,time_exit,0.015904572564612307,10,True
136,INTC,mean_reversion,2024-12-18,19.3,17.441785714285718,23.01642857142857,2025-01-03,20.56,time_exit,0.06528497409326417,10,True
137,INTC,mean_reversion,2024-12-19,19.06,17.204642857142858,22.77071428571428,2025-01-06,19.87,time_exit,0.042497376705141754,10,True
138,INTC,mean_reversion,2025-03-10,19.93,16.98287142857143,25.824257142857142,2025-03-17,25.824257142857142,take_profit,0.2957479750555516,5,True
139,INTC,mean_reversion,2025-03-11,19.78,16.998585714285717,25.342828571428573,2025-03-17,25.342828571428573,take_profit,0.2812350137223747,4,True
140,INTC,mean_reversion,2025-04-04,19.85,17.30294285714286,24.94411428571429,2025-04-21,18.84,time_exit,-0.050881612090680206,10,False
141,INTC,mean_reversion,2025-04-07,19.57,16.86722857142857,24.97554285714286,2025-04-22,19.51,time_exit,-0.0030659172202349705,10,False
142,INTC,mean_reversion,2025-04-08,18.13,15.307942857142855,23.774114285714287,2025-04-23,20.59,time_exit,0.13568670711527853,10,True
143,INTC,mean_reversion,2025-04-10,19.88,16.438657142857142,26.762685714285716,2025-04-25,20.05,time_exit,0.00855130784708269,10,True
144,INTC,mean_reversion,2025-04-11,19.74,16.177942857142856,26.864114285714287,2025-04-28,20.51,time_exit,0.03900709219858167,10,True
145,INTC,mean_reversion,2025-08-01,19.31,17.69075714285714,22.548485714285714,2025-08-14,22.548485714285714,take_profit,0.1677102907449879,9,True
146,ISRG,mean_reversion,2025-03-10,482.61,438.9557857142857,569.9184285714286,2025-03-24,508.58,time_exit,0.05381156627504602,10,True
147,ISRG,mean_reversion,2025-03-11,493.72,449.3336428571429,582.4927142857143,2025-03-25,519.81,time_exit,0.05284371708660762,10,True
148,ISRG,mean_reversion,2025-03-13,476.78,428.8957857142857,572.5484285714285,2025-03-27,507.9,time_exit,0.0652711942615043,10,True
149,ISRG,mean_reversion,2025-03-14,484.44,435.72864285714286,581.8627142857143,2025-03-28,491.84,time_exit,0.015275369498802593,10,True
150,LLY,mean_reversion,2024-11-18,721.8729,651.3706285714285,862.8774428571428,2024-12-03,807.372,time_exit,0.11844065624294808,10,True
151,LLY,mean_reversion,2025-08-07,638.5578,581.6168142857143,752.4397714285715,2025-08-21,708.78303979,time_exit,0.10997475841654425,10,True
152,LLY,mean_reversion,2025-08-08,623.4025,563.4758,743.2559,2025-08-22,710.64032256,time_exit,0.1399381981304213,10,True
153,LLY,mean_reversion,2025-08-11,632.9381,571.2700428571428,756.2742142857143,2025-08-25,694.31420791,time_exit,0.09697015855104962,10,True
154,LLY,mean_reversion,2025-08-12,639.43,579.1415428571428,760.0069142857142,2025-08-26,734.95475019,time_exit,0.14939047306194597,10,True
155,LRCX,mean_reversion,2024-07-19,90.3474,-1848.8863285714287,3968.814857142858,2024-08-02,75.1656,time_exit,-0.16803803983291155,10,False
156,LRCX,mean_reversion,2024-07-24,89.6342,-1807.9062285714285,3884.715057142857,2024-08-07,73.6928,time_exit,-0.17784952618531769,10,False
157,LRCX,mean_reversion,2024-07-25,87.0975,-1787.6172571428572,3836.5270142857144,2024-08-08,78.7248,time_exit,-0.09613019891500896,10,False
158,LRCX,mean_reversion,2024-07-26,88.1338,-1761.2759714285712,3786.9533428571426,2024-08-09,79.5888,time_exit,-0.09695485727382669,10,False
159,LRCX,mean_reversion,2024-07-30,84.215,-1712.3810714285717,3677.4071428571433,2024-08-13,82.8259,time_exit,-0.016494686219794552,10,False
160,LRCX,mean_reversion,2024-08-01,81.7985,-1660.7536714285714,3566.902842857143,2024-08-15,87.6866,time_exit,0.07198298257303004,10,True
161,LRCX,mean_reversion,2024-08-02,75.1656,-1631.2598428571428,3488.0164857142854,2024-08-16,85.8188,time_exit,0.14172972742850454,10,True
162,LRCX,mean_reversion,2024-08-05,75.8936,-1593.6269428571427,3414.9346857142855,2024-08-19,86.8177,time_exit,0.14393967343754932,10,True
163,LRCX,mean_reversion,2024-08-06,75.8719,-1565.9251428571426,3359.4659857142856,2024-08-20,85.0031,time_exit,0.12035022188715461,10,True
164,LRCX,mean_reversion,2024-08-07,73.6928,-1545.0381428571427,3311.1546857142853,2024-08-21,86.0345,time_exit,0.16747497720265736,10,True
165,LRCX,mean_reversion,2025-04-03,64.8207,59.4532,75.5557,2025-04-04,59.4532,stop_loss,-0.08280533841812876,1,False
166,LRCX,mean_reversion,2025-04-04,58.7283,52.672128571428566,70.84064285714285,2025-04-09,70.84064285714285,take_profit,0.20624371652410955,3,True
167,LRCX,mean_reversion,2025-04-07,61.8192,54.60445714285714,76.24868571428571,2025-04-22,63.0914,time_exit,0.02057936692807405,10,True
168,LRCX,mean_reversion,2025-04-08,59.8812,51.98717142857143,75.66925714285713,2025-04-23,66.3215,time_exit,0.10755128487739052,10,True
169,META,mean_reversion,2024-04-29,430.1023,388.07194285714286,514.1630142857143,2024-05-13,465.2864,time_exit,0.08180402662343345,10,True
170,META,mean_reversion,2024-04-30,427.6666,386.6162428571429,509.7673142857143,2024-05-14,469.104,time_exit,0.09689183116006705,10,True
171,META,mean_reversion,2025-04-04,503.5987,453.1637714285714,604.4685571428572,2025-04-21,483.5737,time_exit,-0.03976380399711121,10,False
172,META,mean_reversion,2025-04-08,509.3059,450.9276142857143,626.0624714285715,2025-04-23,519.1039,time_exit,0.019237947174772563,10,True
173,META,mean_reversion,2025-04-21,483.5737,413.85362857142854,623.0138428571428,2025-05-05,597.9269,time_exit,0.23647522601001691,10,True
174,MS,mean_reversion,2025-03-10,109.3628,98.34315714285714,131.4020857142857,2025-03-24,121.6807,time_exit,0.11263336344716857,10,True
175,MS,mean_reversion,2025-03-11,109.7055,98.54367142857143,132.02915714285714,2025-03-25,122.5913,time_exit,0.11745810374138044,10,True
176,MS,mean_reversion,2025-03-13,109.353,98.73517142857142,130.58865714285713,2025-03-27,116.5205,time_exit,0.06554461240203757,10,True
177,MS,mean_reversion,2025-04-04,97.7499,87.24114285714286,118.76741428571427,2025-04-21,104.0851,time_exit,0.06481029648112169,10,True
178,MS,mean_reversion,2025-04-07,98.8172,87.40795714285714,121.6356857142857,2025-04-22,108.0801,time_exit,0.09373772986888929,10,True
179,MS,mean_reversion,2025-04-08,98.2199,86.37222857142856,121.91524285714284,2025-04-23,109.9699,time_exit,0.11962952517768799,10,True
180,NFLX,mean_reversion,2025-03-10,86.668,-1695.964942857143,3651.9338857142857,2025-03-24,97.199,time_exit,0.1215096690820141,10,True
181,NFLX,mean_reversion,2025-12-10,92.71,85.02499999999999,108.08,2025-12-24,93.64,time_exit,0.010031280336533444,10,True
182,NKE,mean_reversion,2024-06-28,72.9402,63.55252857142857,91.71554285714288,2024-07-15,69.0111,time_exit,-0.053867414676680436,10,False
183,NKE,mean_reversion,2024-07-01,74.3532,64.88449999999999,93.29060000000001,2024-07-16,70.4628,time_exit,-0.05232323558367358,10,False
184,NKE,mean_reversion,2024-07-02,73.5886,64.19175714285714,92.38228571428573,2024-07-17,70.7144,time_exit,-0.03905768012980271,10,False
185,NKE,mean_reversion,2024-07-03,72.8144,63.616014285714286,91.21117142857145,2024-07-18,70.0466,time_exit,-0.03801171196906117,10,False
186,NKE,mean_reversion,2024-07-05,72.9983,63.88482857142857,91.22524285714286,2024-07-19,70.3563,time_exit,-0.036192623663838686,10,False
187,NKE,mean_reversion,2024-07-08,70.695,61.74502857142856,88.59494285714285,2024-07-22,72.4467,time_exit,0.024778272862296058,10,True
188,NKE,mean_reversion,2024-07-09,70.1241,61.35922857142857,87.65384285714286,2024-07-23,71.0337,time_exit,0.012971289471094716,10,True
189,NKE,mean_reversion,2024-07-10,70.2015,61.551871428571424,87.50075714285714,2024-07-24,68.7982,time_exit,-0.019989601361794285,10,False
190,NKE,mean_reversion,2024-07-11,71.0241,62.49118571428572,88.08992857142857,2024-07-25,69.1079,time_exit,-0.026979574538783413,10,False
191,NKE,mean_reversion,2024-07-12,71.0531,62.7622,87.6349,2024-07-26,70.2208,time_exit,-0.011713774627708062,10,False
192,NKE,mean_reversion,2024-07-15,69.0111,61.01162857142857,85.01004285714286,2024-07-29,71.1789,time_exit,0.031412338015188945,10,True
193,NKE,mean_reversion,2025-03-28,62.155,57.310742857142856,71.84351428571429,2025-04-03,57.310742857142856,stop_loss,-0.07793833388878035,4,False
194,NKE,mean_reversion,2025-04-03,54.5833,48.84835714285714,66.05318571428572,2025-04-17,54.76,time_exit,0.003237253885345792,10,True
195,NKE,mean_reversion,2025-04-04,56.2233,50.03908571428572,68.59172857142858,2025-04-21,55.1136,time_exit,-0.019737368670995847,10,False
196,NKE,mean_reversion,2025-04-07,54.6127,48.14301428571428,67.55207142857142,2025-04-22,56.0367,time_exit,0.026074521127869676,10,True
197,NKE,mean_reversion,2025-04-08,52.3147,45.135685714285714,66.67272857142858,2025-04-23,56.3608,time_exit,0.07734155027172096,10,True
198,NKE,mean_reversion,2025-04-10,53.4244,45.43391428571429,69.40537142857143,2025-04-25,56.5867,time_exit,0.05919205456682719,10,True
199,NKE,mean_reversion,2025-04-11,53.4146,45.429114285714284,69.38557142857142,2025-04-28,56.2822,time_exit,0.05368569642008003,10,True
200,NOW,mean_reversion,2024-05-30,128.658,-1077.675542857143,2541.3250857142857,2024-06-13,141.952,time_exit,0.10332820345411875,10,True
201,NOW,mean_reversion,2025-03-10,156.766,-1336.2398571428569,3142.777714285714,2025-03-24,169.946,time_exit,0.08407435285712461,10,True
202,NOW,mean_reversion,2025-03-11,161.68,-1312.4494285714284,3109.9388571428567,2025-03-25,172.276,time_exit,0.06553686293913907,10,True
203,NVDA,mean_reversion,2024-04-19,76.1617,-1524.0229714285715,3276.531042857143,2024-05-03,88.7444,time_exit,0.16521033537854324,10,True
204,NVDA,mean_reversion,2024-07-30,103.6864,90.91712857142858,129.22494285714285,2024-08-05,90.91712857142858,stop_loss,-0.12315280912994786,4,False
205,NVDA,mean_reversion,2024-08-05,100.4078,83.3725,134.4784,2024-08-19,129.9454,time_exit,0.29417634884939226,10,True
206,NVDA,mean_reversion,2024-08-07,98.8684,81.54948571428571,133.50622857142855,2024-08-21,128.446,time_exit,0.2991613093769092,10,True
207,NVDA,mean_reversion,2024-09-06,102.7868,89.72474285714286,128.91091428571428,2024-09-20,115.961,time_exit,0.12817015414430655,10,True
208,NVDA,mean_reversion,2025-01-27,118.3883,102.76172857142858,149.64144285714286,2025-02-10,133.5343,time_exit,0.12793493951682722,10,True
209,NVDA,mean_reversion,2025-03-06,110.5404,95.86704285714286,139.8871142857143,2025-03-20,118.5086,time_exit,0.0720840525274018,10,True
210,NVDA,mean_reversion,2025-03-10,106.9514,91.76251428571429,137.32917142857144,2025-03-24,121.388,time_exit,0.13498280527417128,10,True
211,NVDA,mean_reversion,2025-03-11,108.7309,93.06687142857143,140.05895714285714,2025-03-25,120.6682,time_exit,0.10978755809066221,10,True
212,NVDA,mean_reversion,2025-04-04,94.2929,83.71048571428571,115.45772857142858,2025-04-21,96.8925,time_exit,0.0275694140279914,10,True
213,NVDA,mean_reversion,2025-04-07,97.6223,85.58822857142856,121.69044285714286,2025-04-22,98.8721,time_exit,0.012802402729704232,10,True
214,NVDA,mean_reversion,2025-04-08,96.2826,83.3408,122.1662,2025-04-23,102.6914,time_exit,0.06656239029689681,10,True
215,PANW,mean_reversion,2024-02-21,130.985,-225.84172857142858,844.6384571428572,2024-03-06,139.43,time_exit,0.06447303126312165,10,True
216,PANW,mean_reversion,2024-02-22,133.91,-219.2931571428571,840.3163142857142,2024-03-07,143.2425,time_exit,0.06969233066985292,10,True
217,PANW,mean_reversion,2024-02-23,141.045,-208.43887142857145,840.0127428571428,2024-03-08,140.1,time_exit,-0.006699989365096193,10,False
218,PANW,mean_reversion,2024-03-06,139.43,-179.03102857142858,776.3520571428571,2024-03-20,141.025,time_exit,0.011439431973033098,10,True
219,PANW,mean_reversion,2024-03-08,140.1,-167.03709999999998,754.3742,2024-03-22,143.39,time_exit,0.023483226266952206,10,True
220,PANW,mean_reversion,2025-04-04,153.57,140.40214285714285,179.90571428571428,2025-04-21,160.05,time_exit,0.042195741355733674,10,True
221,PANW,mean_reversion,2025-04-07,152.44,137.64601428571427,182.02797142857142,2025-04-22,163.63,time_exit,0.07340593020204667,10,True
222,PANW,mean_reversion,2025-04-08,152.53,137.12041428571428,183.34917142857142,2025-04-23,168.32,time_exit,0.10352061889464359,10,True
223,PANW,mean_reversion,2025-11-20,185.07,172.14521428571427,210.91957142857143,2025-12-05,198.84,time_exit,0.07440427946182537,10,True
224,PANW,mean_reversion,2025-11-21,182.9,169.75235714285714,209.19528571428572,2025-12-08,195.35,time_exit,0.0680699835975942,10,True
225,PFE,mean_reversion,2025-04-08,20.6969,17.823985714285715,26.44272857142857,2025-04-23,21.2181,time_exit,0.025182515255907978,10,True
226,PFE,mean_reversion,2025-04-10,20.4599,17.605942857142857,26.167814285714286,2025-04-25,21.7203,time_exit,0.06160342914676997,10,True
227,PLD,mean_reversion,2024-04-17,100.2904,85.08478571428573,130.70162857142856,2024-05-01,95.9488,time_exit,-0.04329028501232424,10,False
228,PLD,mean_reversion,2024-04-18,98.5952,83.84492857142858,128.09574285714285,2024-05-02,98.4445,time_exit,-0.0015284719742949537,10,False
229,PLD,mean_reversion,2024-04-19,97.465,82.9799142857143,126.43517142857141,2024-05-03,99.7253,time_exit,0.023190889037090212,10,True
230,PLD,mean_reversion,2024-04-22,98.0207,83.4752142857143,127.11167142857141,2024-05-06,98.5763,time_exit,0.00566819049445666,10,True
231,PLD,mean_reversion,2024-04-24,97.1731,83.32724285714286,124.86481428571429,2024-05-08,99.7159,time_exit,0.026167735721099872,10,True
232,PLD,mean_reversion,2025-04-07,92.0696,82.65121428571429,110.9063714285714,2025-04-22,97.3588,time_exit,0.05744784380512136,10,True
233,PLD,mean_reversion,2025-04-08,87.433,77.3008142857143,107.69737142857142,2025-04-23,98.8491,time_exit,0.1305696933652054,10,True
234,PYPL,mean_reversion,2025-04-04,58.2344,53.54805714285714,67.60708571428572,2025-04-21,60.1449,time_exit,0.03280706936106492,10,True
235,PYPL,mean_reversion,2025-04-07,58.394,53.07454285714285,69.03291428571428,2025-04-22,61.2773,time_exit,0.0493766482857827,10,True
236,PYPL,mean_reversion,2025-04-08,57.2766,51.522871428571435,68.78405714285714,2025-04-23,62.3149,time_exit,0.08796436939343466,10,True
237,PYPL,mean_reversion,2025-11-20,58.105,54.18462857142857,65.94574285714285,2025-12-05,62.28,time_exit,0.07185268049221238,10,True
238,QCOM,mean_reversion,2024-07-30,161.5921,140.79199999999997,203.1923,2024-08-13,164.041,time_exit,0.01515482501929255,10,True
239,QCOM,mean_reversion,2024-08-01,158.7463,136.21252857142855,203.81384285714287,2024-08-15,167.7871,time_exit,0.05695124862752721,10,True
240,QCOM,mean_reversion,2024-08-02,154.2065,132.61055714285715,197.39838571428572,2024-08-16,166.6642,time_exit,0.08078582939110857,10,True
241,QCOM,mean_reversion,2024-08-05,152.8901,131.02974285714285,196.6108142857143,2024-08-19,168.6776,time_exit,0.10326044655605582,10,True
242,QCOM,mean_reversion,2024-08-06,153.6354,132.00708571428572,196.89202857142857,2024-08-20,166.5965,time_exit,0.08436271848805665,10,True
243,QCOM,mean_reversion,2024-08-07,151.1187,129.16942857142857,195.01724285714283,2024-08-21,168.6389,time_exit,0.11593667759185333,10,True
244,QCOM,mean_reversion,2025-04-04,125.3538,113.86802857142858,148.32534285714286,2025-04-21,133.8904,time_exit,0.06810004961955674,10,True
245,QCOM,mean_reversion,2025-04-07,127.5765,114.37528571428572,153.97892857142855,2025-04-22,136.4474,time_exit,0.06953396589497274,10,True
246,QCOM,mean_reversion,2025-04-08,122.6001,108.43568571428573,150.92892857142854,2025-04-23,138.139,time_exit,0.12674459482496347,10,True
247,REGN,mean_reversion,2024-10-31,833.6698,780.6321428571429,939.7451142857143,2024-11-14,778.2808,time_exit,-0.06643997419601866,10,False
248,REGN,mean_reversion,2024-11-01,839.0406,783.9900571428572,949.1416857142858,2024-11-14,783.9900571428572,stop_loss,-0.06561129801959864,9,False
249,REGN,mean_reversion,2024-11-04,824.3604,768.6412857142857,935.7986285714286,2024-11-15,768.6412857142857,stop_loss,-0.0675907215893854,9,False
250,REGN,mean_reversion,2024-11-05,824.9472,768.6194142857142,937.6027714285715,2024-11-15,768.6194142857142,stop_loss,-0.0682804738464301,8,False
251,REGN,mean_reversion,2024-11-06,812.2362,753.6852,929.3382000000001,2024-11-18,753.6852,stop_loss,-0.07208617394792305,8,False
252,REGN,mean_reversion,2024-11-15,752.7197,700.6344571428572,856.8901857142856,2024-12-02,758.2198,time_exit,0.007306969646204253,10,True
253,REGN,mean_reversion,2025-04-04,571.0718,533.7811142857144,645.6531714285716,2025-04-09,533.7811142857144,stop_loss,-0.06529946972392209,3,False
254,REGN,mean_reversion,2025-04-08,554.5008,510.9420857142857,641.6182285714286,2025-04-23,585.4121,time_exit,0.05574617746268351,10,True
255,REGN,mean_reversion,2025-04-10,544.124,489.5791142857143,653.2137714285715,2025-04-25,600.1407,time_exit,0.10294840881857814,10,True
256,REGN,mean_reversion,2025-06-02,489.4741,441.6718571428572,585.0785857142856,2025-06-16,521.2574,time_exit,0.06493356849729115,10,True
257,REGN,mean_reversion,2025-06-03,486.5322,438.8485285714286,581.8995428571428,2025-06-17,507.475,time_exit,0.04304504408957932,10,True
258,REGN,mean_reversion,2025-06-04,483.6101,435.3642857142857,580.1017285714286,2025-06-18,512.1822,time_exit,0.059080858733099095,10,True
259,REGN,mean_reversion,2025-06-05,481.7552,434.2335857142857,576.7984285714285,2025-06-20,508.3327,time_exit,0.05516806045892175,10,True
260,SBUX,mean_reversion,2024-05-01,71.0776,60.438771428571435,92.35525714285714,2024-05-15,72.2807,time_exit,0.01692657039629908,10,True
261,SBUX,mean_reversion,2024-05-02,71.5455,60.824200000000005,92.9881,2024-05-16,72.4239,time_exit,0.012277501729668572,10,True
262,SBUX,mean_reversion,2024-05-03,69.8077,59.27444285714286,90.87421428571427,2024-05-17,74.8964,time_exit,0.07289596992881875,10,True
263,SBUX,mean_reversion,2024-05-06,69.6071,59.143100000000004,90.5351,2024-05-20,74.5982,time_exit,0.071703892275357,10,True
264,SBUX,mean_reversion,2024-05-07,69.2252,58.99198571428572,89.69162857142857,2024-05-21,74.7713,time_exit,0.08011677828305297,10,True
265,SBUX,mean_reversion,2025-03-13,94.0348,85.99707142857143,110.11025714285715,2025-03-27,96.7861,time_exit,0.029258317133656897,10,True
266,SBUX,mean_reversion,2025-04-04,80.3858,72.95311428571429,95.25117142857142,2025-04-21,78.9955,time_exit,-0.017295343207382352,10,False
267,SBUX,mean_reversion,2025-04-07,78.3297,70.21682857142858,94.55544285714285,2025-04-22,80.0431,time_exit,0.021874206080196856,10,True
268,SBUX,mean_reversion,2025-04-08,78.0261,69.64918571428572,94.77992857142857,2025-04-23,81.081,time_exit,0.03915228365892953,10,True
269,SCHW,mean_reversion,2024-07-17,62.5645,57.04487142857143,73.60375714285715,2024-07-31,63.9276,time_exit,0.021787115696600967,10,True
270,SCHW,mean_reversion,2024-07-18,61.0641,55.57714285714286,72.0380142857143,2024-08-01,62.4762,time_exit,0.02312488024878756,10,True
271,SCHW,mean_reversion,2024-07-19,60.8778,55.44207142857143,71.74925714285715,2024-08-02,62.1624,time_exit,0.021101288154302456,10,True
272,SLB,mean_reversion,2025-04-04,33.9481,30.408799999999996,41.0267,2025-04-21,33.792,time_exit,-0.004598195480748357,10,False
273,SLB,mean_reversion,2025-04-07,32.3474,28.531085714285712,39.980028571428576,2025-04-22,33.7822,time_exit,0.044355960602706856,10,True
274,SLB,mean_reversion,2025-04-08,31.1858,27.141442857142856,39.27451428571429,2025-04-23,33.2161,time_exit,0.06510334831878595,10,True
275,SLB,mean_reversion,2025-04-10,31.7617,26.90597142857143,41.47315714285715,2025-04-25,33.6944,time_exit,0.06085001747387575,10,True
276,SLB,mean_reversion,2025-04-11,33.1477,28.226557142857146,42.98998571428571,2025-04-28,33.2844,time_exit,0.004123966368707155,10,True
277,SLB,mean_reversion,2025-04-14,33.1087,28.206857142857142,42.91238571428571,2025-04-29,33.2942,time_exit,0.005602756979283363,10,True
278,SLB,mean_reversion,2025-04-15,32.9525,28.167785714285714,42.521928571428575,2025-04-30,32.4547,time_exit,-0.015106592823002751,10,False
279,TGT,mean_reversion,2024-11-20,116.5359,93.7561,162.09550000000002,2024-12-05,123.6686,time_exit,0.061206031789345694,10,True
280,TGT,mean_reversion,2024-11-21,116.4115,93.9054,161.4237,2024-12-06,126.7515,time_exit,0.08882283966790205,10,True
281,TGT,mean_reversion,2024-11-22,119.6858,97.21497142857143,164.62745714285714,2024-12-09,129.528,time_exit,0.08223364843615522,10,True
282,TGT,mean_reversion,2025-03-12,103.6132,93.11998571428572,124.59962857142858,2025-03-26,102.4638,time_exit,-0.011093181177687761,10,False
283,TGT,mean_reversion,2025-03-13,100.9282,90.26965714285714,122.24528571428573,2025-03-27,102.8695,time_exit,0.019234465689470293,10,True
284,TGT,mean_reversion,2025-03-14,101.1214,90.79652857142857,121.77114285714285,2025-03-28,100.1072,time_exit,-0.010029528863326531,10,False
285,TGT,mean_reversion,2025-04-08,85.7262,73.70887142857144,109.76085714285713,2025-04-23,89.0003,time_exit,0.03819252457241773,10,True
286,TMO,mean_reversion,2025-04-04,436.7208,411.0830571428571,487.9962857142857,2025-04-09,411.0830571428571,stop_loss,-0.05870511058127503,3,False
287,TMO,mean_reversion,2025-04-07,436.6809,406.3103,497.4221,2025-04-22,433.5494,time_exit,-0.007171140299472745,10,False
288,TMO,mean_reversion,2025-04-08,418.1713,383.2692714285714,487.9753571428571,2025-04-23,430.4678,time_exit,0.02940541352311854,10,True
289,TMO,mean_reversion,2025-04-10,426.2792,381.9493857142857,514.9388285714285,2025-04-25,423.0879,time_exit,-0.007486407969237052,10,False
290,TSLA,mean_reversion,2024-01-31,187.29,168.41404285714285,225.04191428571426,2024-02-14,188.71,time_exit,0.007581824977308083,10,True
291,TSLA,mean_reversion,2024-02-05,181.06,162.83974285714285,217.50051428571427,2024-02-20,193.76,time_exit,0.0701424942008173,10,True
292,TSLA,mean_reversion,2024-03-14,162.5,145.39434285714285,196.71131428571428,2024-03-28,175.79,time_exit,0.08178461538461534,10,True
293,TSLA,mean_reversion,2024-03-15,163.57,147.2337,196.24259999999998,2024-04-01,175.22,time_exit,0.07122332946139265,10,True
294,TSLA,mean_reversion,2024-04-19,147.05,131.92062857142858,177.30874285714287,2024-04-29,177.30874285714287,take_profit,0.20577179773643572,6,True
295,TSLA,mean_reversion,2024-04-22,142.05,127.4267,171.29660000000004,2024-04-26,171.29660000000004,take_profit,0.20588947553678305,4,True
296,TSLA,mean_reversion,2024-04-23,144.68,129.96955714285716,174.10088571428574,2024-04-29,174.10088571428574,take_profit,0.20335143568071423,4,True
297,TSLA,mean_reversion,2024-08-02,207.67,180.78651428571428,261.43697142857144,2024-08-16,216.12,time_exit,0.04068955554485498,10,True
298,TSLA,mean_reversion,2024-08-05,198.88,170.1607857142857,256.31842857142857,2024-08-19,222.72,time_exit,0.11987127916331453,10,True
299,TSLA,mean_reversion,2024-08-06,200.64,172.2147857142857,257.49042857142854,2024-08-20,221.1,time_exit,0.10197368421052633,10,True
300,TSLA,mean_reversion,2024-08-07,191.76,163.03907142857142,249.20185714285714,2024-08-21,223.27,time_exit,0.164319983312474,10,True
301,TSLA,mean_reversion,2025-02-11,328.5,292.62774285714283,400.24451428571433,2025-02-26,292.62774285714283,stop_loss,-0.1092001739508589,10,False
302,TSLA,mean_reversion,2025-02-12,336.51,299.76345714285713,410.0030857142857,2025-02-25,299.76345714285713,stop_loss,-0.10919896245919247,8,False
303,TSLA,mean_reversion,2025-02-25,302.8,266.67685714285716,375.0462857142857,2025-03-04,266.67685714285716,stop_loss,-0.11929703717682583,5,False
304,TSLA,mean_reversion,2025-02-26,290.8,254.06542857142858,364.26914285714287,2025-03-07,254.06542857142858,stop_loss,-0.1263224602082924,7,False
305,TSLA,mean_reversion,2025-02-27,281.95,245.02114285714285,355.80771428571427,2025-03-10,245.02114285714285,stop_loss,-0.13097661692802676,7,False
306,TSLA,mean_reversion,2025-02-28,292.98,256.04055714285715,366.85888571428575,2025-03-07,256.04055714285715,stop_loss,-0.12608179007830866,5,False
307,TSLA,mean_reversion,2025-03-03,284.65,245.64627142857142,362.6574571428571,2025-03-10,245.64627142857142,stop_loss,-0.13702346239743035,5,False
308,TSLA,mean_reversion,2025-03-04,272.04,233.43914285714288,349.2417142857143,2025-03-10,233.43914285714288,stop_loss,-0.14189404919444615,4,False
309,TSLA,mean_reversion,2025-03-05,279.1,241.36485714285718,354.5702857142857,2025-03-10,241.36485714285718,stop_loss,-0.1352029482520346,3,False
310,TSLA,mean_reversion,2025-03-06,263.45,226.1577142857143,338.03457142857144,2025-03-10,226.1577142857143,stop_loss,-0.1415535612612856,2,False
311,TSLA,mean_reversion,2025-03-07,262.67,225.23201428571429,337.5459714285715,2025-03-10,225.23201428571429,stop_loss,-0.14252859372705573,1,False
312,TSLA,mean_reversion,2025-03-10,222.15,179.91344285714285,306.6231142857143,2025-03-24,278.39,time_exit,0.25316227774026556,10,True
313,TSLA,mean_reversion,2025-03-11,230.58,187.43274285714287,316.8745142857143,2025-03-25,288.14,time_exit,0.24963136438546263,10,True
314,TSLA,mean_reversion,2025-03-12,248.09,203.94845714285714,336.3730857142857,2025-03-26,272.06,time_exit,0.0966181627635132,10,True
315,TSLA,mean_reversion,2025-03-13,240.68,197.23417142857141,327.57165714285713,2025-03-27,273.13,time_exit,0.13482632541133444,10,True
316,TSLA,mean_reversion,2025-03-14,249.98,207.50521428571426,334.9295714285714,2025-03-28,263.55,time_exit,0.05428434274741978,10,True
317,TSLA,mean_reversion,2025-03-17,238.01,197.83504285714287,318.35991428571424,2025-03-31,259.16,time_exit,0.08886181252888559,10,True
318,TSLA,mean_reversion,2025-03-18,225.31,185.8821857142857,304.16562857142856,2025-04-01,268.46,time_exit,0.19151391416270913,10,True
319,TSLA,mean_reversion,2025-06-05,284.7,249.2129857142857,355.6740285714286,2025-06-20,322.16,time_exit,0.13157709870038659,10,True
320,TSLA,mean_reversion,2025-06-06,295.14,258.0087,369.4026,2025-06-23,348.68,time_exit,0.18140543470895176,10,True
321,TXN,mean_reversion,2025-04-04,147.6963,133.87425714285718,175.3403857142857,2025-04-21,142.0573,time_exit,-0.03817969712172886,10,False
322,TXN,mean_reversion,2025-04-07,150.2426,134.4879142857143,181.7519714285714,2025-04-22,143.1793,time_exit,-0.04701263157053992,10,False
323,TXN,mean_reversion,2025-04-08,142.4476,125.67410000000001,175.99459999999996,2025-04-23,148.4378,time_exit,0.0420519545432847,10,True
324,TXN,mean_reversion,2025-04-11,143.9988,121.85011428571428,188.2961714285714,2025-04-28,158.4767,time_exit,0.10054181007063945,10,True
325,TXN,mean_reversion,2025-04-16,142.9744,120.21447142857144,188.49425714285712,2025-05-01,155.7107,time_exit,0.08908098232970385,10,True
326,TXN,mean_reversion,2025-07-23,183.2498,169.2605857142857,211.2282285714286,2025-08-06,184.2892,time_exit,0.005672038932648116,10,True
327,TXN,mean_reversion,2025-07-24,182.6988,168.73567142857144,210.62505714285717,2025-08-07,184.2892,time_exit,0.008705038018859357,10,True
328,TXN,mean_reversion,2025-07-25,182.0101,168.08251428571427,209.86527142857142,2025-08-08,185.5878,time_exit,0.019656601474313806,10,True
329,UNH,mean_reversion,2024-12-16,486.3577,433.6176,591.8379000000001,2024-12-31,493.5384,time_exit,0.014764236281239018,10,True
330,UNH,mean_reversion,2024-12-17,473.6938,420.92834285714287,579.2247142857143,2025-01-02,492.2213,time_exit,0.039112819293813716,10,True
331,UNH,mean_reversion,2024-12-19,477.333,424.8292714285714,582.3404571428572,2025-01-06,501.1582,time_exit,0.04991316334718099,10,True
332,UNH,mean_reversion,2025-02-24,450.2784,410.00011428571423,530.8349714285715,2025-03-10,470.5718,time_exit,0.045068562027403614,10,True
333,UNH,mean_reversion,2025-04-21,416.7846,344.69821428571436,560.9573714285714,2025-05-05,396.6768,time_exit,-0.0482450647168825,10,False
334,UNH,mean_reversion,2025-04-22,418.5974,346.5435142857143,562.7051714285714,2025-05-06,386.5838,time_exit,-0.07647825810671538,10,False
335,UNH,mean_reversion,2025-04-23,419.3617,346.1846,565.7158999999999,2025-05-07,383.2031,time_exit,-0.08622294310615386,10,False
336,UNH,mean_reversion,2025-04-24,415.7263,346.1597,554.8595,2025-05-08,377.8038,time_exit,-0.09121987230540851,10,False
337,UNH,mean_reversion,2025-04-25,410.229,342.85682857142854,544.9733428571428,2025-05-09,372.9925,time_exit,-0.09077003332285138,10,False
338,UNH,mean_reversion,2025-04-28,411.5617,345.8636714285714,542.9577571428571,2025-05-12,371.1404,time_exit,-0.09821443540543251,10,False
339,UNH,mean_reversion,2025-04-29,401.008,343.6245285714286,515.7749428571428,2025-05-13,343.6245285714286,stop_loss,-0.14309807143142128,10,False
340,UNH,mean_reversion,2025-04-30,403.1736,350.8150857142858,507.8906285714286,2025-05-13,350.8150857142858,stop_loss,-0.1298659294301865,9,False
341,UNH,mean_reversion,2025-05-01,392.6298,343.53882857142855,490.8117428571428,2025-05-13,343.53882857142855,stop_loss,-0.1250311907770919,8,False
342,UNH,mean_reversion,2025-05-02,391.8851,344.87014285714287,485.9150142857143,2025-05-13,344.87014285714287,stop_loss,-0.11997128021161596,7,False
343,UNH,mean_reversion,2025-05-05,396.6768,349.4511428571429,491.1281142857143,2025-05-13,349.4511428571429,stop_loss,-0.1190532371513966,6,False
344,UNH,mean_reversion,2025-05-06,386.5838,340.2573857142857,479.2366285714286,2025-05-13,340.2573857142857,stop_loss,-0.11983537407856792,5,False
345,UNH,mean_reversion,2025-05-07,383.2031,338.7517142857143,472.10587142857145,2025-05-13,338.7517142857143,stop_loss,-0.11599954623093012,4,False
346,UNH,mean_reversion,2025-05-08,377.8038,350.2765428571429,432.85831428571436,2025-05-13,350.2765428571429,stop_loss,-0.07286125005322108,3,False
347,UNH,mean_reversion,2025-05-09,372.9925,348.3139857142857,422.3495285714286,2025-05-13,348.3139857142857,stop_loss,-0.06616356705755289,2,False
348,UNH,mean_reversion,2025-05-12,371.1404,346.533,420.3552,2025-05-13,346.533,stop_loss,-0.0663021325622325,1,False
349,UNH,mean_reversion,2025-05-13,305.124,274.5469142857143,366.27817142857145,2025-05-15,274.5469142857143,stop_loss,-0.10021199811973402,2,False
350,UNH,mean_reversion,2025-05-14,301.8217,270.2049428571429,365.05521428571427,2025-05-15,270.2049428571429,stop_loss,-0.10475309476706651,1,False
351,UNH,mean_reversion,2025-05-15,268.838,231.30671428571432,343.9005714285714,2025-05-30,295.8442,time_exit,0.10045529277855048,10,True
352,UNH,mean_reversion,2025-05-16,286.0452,246.83377142857148,364.4680571428571,2025-06-02,298.5978,time_exit,0.04388327439159956,10,True
353,UNH,mean_reversion,2025-05-19,309.5434,267.8184285714286,392.99334285714286,2025-06-03,295.1681,time_exit,-0.046440337606939885,10,False
354,UNH,mean_reversion,2025-05-20,315.119,272.9890428571429,399.37891428571425,2025-06-04,294.345,time_exit,-0.06592430161304141,10,False
355,UNH,mean_reversion,2025-05-21,296.8927,254.34574285714285,381.98661428571427,2025-06-05,289.8962,time_exit,-0.02356575287974394,10,False
356,UNH,mean_reversion,2025-05-22,290.7095,247.6197285714286,376.88904285714284,2025-06-06,297.1279,time_exit,0.022078397850775477,10,True
357,UNH,mean_reversion,2025-05-23,289.6316,247.80245714285715,373.2898857142857,2025-06-09,297.0985,time_exit,0.02578068138973788,10,True
358,UNH,mean_reversion,2025-05-27,289.0731,247.3125428571429,372.59421428571426,2025-06-10,297.6865,time_exit,0.029796615458166142,10,True
359,UNH,mean_reversion,2025-05-28,292.1206,249.66178571428577,377.0382285714286,2025-06-11,304.3205,time_exit,0.041763230665690765,10,True
360,UNH,mean_reversion,2025-07-31,246.3027,226.5743571428571,285.7593857142857,2025-08-14,271.49,time_exit,0.1022615667631741,10,True
361,UNH,mean_reversion,2025-08-01,234.6665,213.24530000000001,277.50890000000004,2025-08-15,277.50890000000004,take_profit,0.18256717511873233,10,True
362,UNH,mean_reversion,2025-08-04,237.8346,216.70861428571428,280.08657142857146,2025-08-15,280.08657142857146,take_profit,0.17765275291556182,9,True
363,UPS,mean_reversion,2025-02-03,104.1234,83.90105714285714,144.56808571428573,2025-02-18,109.5219,time_exit,0.051847135226087415,10,True
364,UPS,mean_reversion,2025-04-03,95.0037,81.6422857142857,121.72652857142856,2025-04-17,91.5023,time_exit,-0.03685540668416065,10,False
365,UPS,mean_reversion,2025-04-04,92.7169,79.69824285714284,118.75421428571428,2025-04-21,91.3315,time_exit,-0.014942259717483974,10,False
366,UPS,mean_reversion,2025-04-07,90.6767,77.72804285714285,116.57401428571428,2025-04-22,91.8913,time_exit,0.013394841232643007,10,True
367,UPS,mean_reversion,2025-04-08,87.2227,74.12555714285715,113.41698571428572,2025-04-23,92.2424,time_exit,0.057550385392793446,10,True
368,UPS,mean_reversion,2025-07-30,84.0938,75.10244285714286,102.07651428571428,2025-08-13,88.18,time_exit,0.04859097816961544,10,True
369,UPS,mean_reversion,2025-07-31,83.1099,74.21028571428572,100.90912857142857,2025-08-14,88.55,time_exit,0.06545670251077196,10,True
370,UPS,mean_reversion,2025-08-01,81.5087,72.60335714285715,99.31938571428572,2025-08-15,88.48,time_exit,0.08552829329875222,10,True
371,UPS,mean_reversion,2025-08-04,82.0103,73.03108571428572,99.96872857142857,2025-08-18,86.51,time_exit,0.05486749835081706,10,True
372,VRTX,mean_reversion,2024-12-19,396.64,365.64311428571426,458.6337714285714,2025-01-06,402.49,time_exit,0.014748890681726579,10,True
373,VRTX,mean_reversion,2024-12-20,397.27,364.89025714285714,462.02948571428567,2025-01-07,408.32,time_exit,0.027814836257457065,10,True
374,VRTX,mean_reversion,2025-08-05,374.98,343.0711285714286,438.7977428571429,2025-08-19,390.76,time_exit,0.042082244386367096,10,True
375,VRTX,mean_reversion,2025-08-06,385.65,352.6189857142857,451.71202857142856,2025-08-20,394.36,time_exit,0.022585245689096478,10,True
376,VRTX,mean_reversion,2025-08-07,375.63,341.8839142857143,443.1221714285714,2025-08-21,397.46,time_exit,0.058115698959082085,10,True
377,VRTX,mean_reversion,2025-08-08,366.54,331.24248571428575,437.13502857142856,2025-08-22,395.12,time_exit,0.07797239046215965,10,True
378,VRTX,mean_reversion,2025-08-11,374.46,338.3924857142857,446.59502857142854,2025-08-25,388.94,time_exit,0.03866901671740641,10,True
379,ZTS,mean_reversion,2025-11-04,124.46,116.7885,139.803,2025-11-18,118.14,time_exit,-0.05077936686485618,10,False
380,ZTS,mean_reversion,2025-11-05,120.49,112.48564285714285,136.49871428571427,2025-11-19,117.08,time_exit,-0.028301103826043672,10,False
381,ZTS,mean_reversion,2025-11-06,119.56,111.49564285714285,135.6887142857143,2025-11-20,115.89,time_exit,-0.030695884911341564,10,False
382,ZTS,mean_reversion,2025-11-07,120.24,112.05704285714285,136.60591428571428,2025-11-21,122.06,time_exit,0.01513639387890886,10,True
383,ZTS,mean_reversion,2025-11-10,119.79,111.59695714285715,136.17608571428573,2025-11-24,122.87,time_exit,0.025711662075298403,10,True
384,ZTS,mean_reversion,2025-11-11,120.12,112.0627,136.2346,2025-11-25,127.89,time_exit,0.06468531468531458,10,True
